<alloy builddate="2012-09-25 15:54 EDT">

<instance bitwidth="4" maxseq="7" command="Run run$1 for 10" filename="">

<sig label="seq/Int" ID="0" parentID="1" builtin="yes">
</sig>

<sig label="Int" ID="1" parentID="2" builtin="yes">
</sig>

<sig label="String" ID="3" parentID="2" builtin="yes">
</sig>

<sig label="this/Start" ID="4" parentID="5" one="yes">
   <atom label="Start$0"/>
</sig>

<sig label="this/End" ID="6" parentID="5" one="yes">
   <atom label="End$0"/>
</sig>

<sig label="this/State" ID="5" parentID="2">
   <atom label="State$0"/>
</sig>

<sig label="this/Transition" ID="7" parentID="2">
   <atom label="Transition$0"/>
   <atom label="Transition$1"/>
   <atom label="Transition$2"/>
   <atom label="Transition$3"/>
   <atom label="Transition$4"/>
   <atom label="Transition$5"/>
   <atom label="Transition$6"/>
   <atom label="Transition$7"/>
   <atom label="Transition$8"/>
</sig>

<field label="source" ID="8" parentID="7">
   <tuple> <atom label="Transition$0"/> <atom label="State$0"/> </tuple>
   <tuple> <atom label="Transition$1"/> <atom label="State$0"/> </tuple>
   <tuple> <atom label="Transition$2"/> <atom label="State$0"/> </tuple>
   <tuple> <atom label="Transition$3"/> <atom label="End$0"/> </tuple>
   <tuple> <atom label="Transition$4"/> <atom label="End$0"/> </tuple>
   <tuple> <atom label="Transition$5"/> <atom label="End$0"/> </tuple>
   <tuple> <atom label="Transition$6"/> <atom label="Start$0"/> </tuple>
   <tuple> <atom label="Transition$7"/> <atom label="Start$0"/> </tuple>
   <tuple> <atom label="Transition$8"/> <atom label="Start$0"/> </tuple>
   <types> <type ID="7"/> <type ID="5"/> </types>
</field>

<field label="target" ID="9" parentID="7">
   <tuple> <atom label="Transition$0"/> <atom label="State$0"/> </tuple>
   <tuple> <atom label="Transition$1"/> <atom label="State$0"/> </tuple>
   <tuple> <atom label="Transition$2"/> <atom label="End$0"/> </tuple>
   <tuple> <atom label="Transition$3"/> <atom label="State$0"/> </tuple>
   <tuple> <atom label="Transition$4"/> <atom label="End$0"/> </tuple>
   <tuple> <atom label="Transition$5"/> <atom label="Start$0"/> </tuple>
   <tuple> <atom label="Transition$6"/> <atom label="State$0"/> </tuple>
   <tuple> <atom label="Transition$7"/> <atom label="Start$0"/> </tuple>
   <tuple> <atom label="Transition$8"/> <atom label="Start$0"/> </tuple>
   <types> <type ID="7"/> <type ID="5"/> </types>
</field>

<field label="trigger" ID="10" parentID="7">
   <tuple> <atom label="Transition$0"/> <atom label="B$0"/> </tuple>
   <tuple> <atom label="Transition$1"/> <atom label="A$0"/> </tuple>
   <tuple> <atom label="Transition$2"/> <atom label="C$0"/> </tuple>
   <tuple> <atom label="Transition$3"/> <atom label="A$0"/> </tuple>
   <tuple> <atom label="Transition$4"/> <atom label="C$0"/> </tuple>
   <tuple> <atom label="Transition$5"/> <atom label="B$0"/> </tuple>
   <tuple> <atom label="Transition$6"/> <atom label="C$0"/> </tuple>
   <tuple> <atom label="Transition$7"/> <atom label="A$0"/> </tuple>
   <tuple> <atom label="Transition$8"/> <atom label="B$0"/> </tuple>
   <types> <type ID="7"/> <type ID="11"/> </types>
</field>

<sig label="this/A" ID="12" parentID="11" one="yes">
   <atom label="A$0"/>
</sig>

<sig label="this/B" ID="13" parentID="11" one="yes">
   <atom label="B$0"/>
</sig>

<sig label="this/C" ID="14" parentID="11" one="yes">
   <atom label="C$0"/>
</sig>

<sig label="this/Symbol" ID="11" parentID="2" abstract="yes">
</sig>

<sig label="this/Input" ID="15" parentID="2" one="yes">
   <atom label="Input$0"/>
</sig>

<field label="s" ID="16" parentID="15">
   <tuple> <atom label="Input$0"/> <atom label="0"/> <atom label="A$0"/> </tuple>
   <tuple> <atom label="Input$0"/> <atom label="1"/> <atom label="B$0"/> </tuple>
   <tuple> <atom label="Input$0"/> <atom label="2"/> <atom label="A$0"/> </tuple>
   <tuple> <atom label="Input$0"/> <atom label="3"/> <atom label="C$0"/> </tuple>
   <tuple> <atom label="Input$0"/> <atom label="4"/> <atom label="B$0"/> </tuple>
   <types> <type ID="15"/> <type ID="0"/> <type ID="11"/> </types>
</field>

<sig label="univ" ID="2" builtin="yes">
</sig>

</instance>

</alloy>
